{
	"carName": "mercedes_amg_gt3_evo",
	"basicSetup":
	{
		"tyres":
		{
			"tyreCompound": 0,
			"tyrePressure": [ 53, 53, 61, 61 ]
		},
		"alignment":
		{
			"camber": [ 26, 26, 10, 10 ],
			"toe": [ 20, 20, 55, 55 ],
			"staticCamber": [ -3.3265125751495361, -3.3263802528381348, -3.6659531593322754, -3.6664187908172607 ],
			"toeOutLinear": [ 0.00035660091089084744, 0.00035687512718141079, 0.00027735254843719304, 0.00027741488884203136 ],
			"casterLF": 31,
			"casterRF": 31,
			"steerRatio": 6
		},
		"electronics":
		{
			"tC1": 5,
			"tC2": 0,
			"abs": 4,
			"eCUMap": 0,
			"fuelMix": 0,
			"telemetryLaps": 0
		},
		"strategy":
		{
			"fuel": 0,
			"nPitStops": 0,
			"tyreSet": 0,
			"frontBrakePadCompound": 1,
			"rearBrakePadCompound": 1,
			"pitStrategy": [
				{
					"fuelToAdd": 0,
					"tyres":
					{
						"tyreCompound": 0,
						"tyrePressure": [ 0, 0, 0, 0 ]
					},
					"tyreSet": 2,
					"frontBrakePadCompound": 0,
					"rearBrakePadCompound": 0
				}
			],
			"fuelPerLap": 4.1999998092651367
		}
	},
	"advancedSetup":
	{
		"mechanicalBalance":
		{
			"aRBFront": 1,
			"aRBRear": 5,
			"wheelRate": [ 1, 1, 4, 4 ],
			"bumpStopRateUp": [ 2, 2, 3, 3 ],
			"bumpStopRateDn": [ 0, 0, 10, 10 ],
			"bumpStopWindow": [ 10, 10, 35, 35 ],
			"brakeTorque": 20,
			"brakeBias": 35
		},
		"dampers":
		{
			"bumpSlow": [ 6, 6, 6, 6 ],
			"bumpFast": [ 4, 4, 5, 5 ],
			"reboundSlow": [ 4, 4, 4, 4 ],
			"reboundFast": [ 6, 6, 5, 5 ]
		},
		"aeroBalance":
		{
			"rideHeight": [ 9, 6, 8, 18 ],
			"rodLength": [ 15.1597900390625, 15.1597900390625, 66.193458557128906, 66.193458557128906 ],
			"splitter": 7,
			"rearWing": 7,
			"brakeDuct": [ 4, 2 ]
		},
		"drivetrain":
		{
			"preload": 5
		}
	},
	"trackBopType": 12
}