{
	"carName": "mercedes_amg_gt3_evo",
	"basicSetup":
	{
		"tyres":
		{
			"tyreCompound": 0,
			"tyrePressure": [ 58, 64, 55, 58 ]
		},
		"alignment":
		{
			"camber": [ 0, 0, 17, 19 ],
			"toe": [ 30, 30, 50, 50 ],
			"staticCamber": [ -3.989654541015625, -3.9875445365905762, -2.5102314949035645, -2.3053834438323975 ],
			"toeOutLinear": [ 0.00019954286108259112, 0.00019920525664929301, 0.00026783527573570609, 0.00026703791809268296 ],
			"casterLF": 33,
			"casterRF": 33,
			"steerRatio": 4
		},
		"electronics":
		{
			"tC1": 1,
			"tC2": 0,
			"abs": 6,
			"eCUMap": 1,
			"fuelMix": 0,
			"telemetryLaps": 0
		},
		"strategy":
		{
			"fuel": 60,
			"nPitStops": 0,
			"tyreSet": 0,
			"frontBrakePadCompound": 1,
			"rearBrakePadCompound": 1,
			"pitStrategy": [
				{
					"fuelToAdd": 0,
					"tyres":
					{
						"tyreCompound": 0,
						"tyrePressure": [ 0, 0, 0, 0 ]
					},
					"tyreSet": 2,
					"frontBrakePadCompound": 0,
					"rearBrakePadCompound": 0
				}
			],
			"fuelPerLap": 3.4500000476837158
		}
	},
	"advancedSetup":
	{
		"mechanicalBalance":
		{
			"aRBFront": 6,
			"aRBRear": 5,
			"wheelRate": [ 1, 1, 3, 3 ],
			"bumpStopRateUp": [ 7, 7, 7, 7 ],
			"bumpStopRateDn": [ 0, 0, 10, 10 ],
			"bumpStopWindow": [ 2, 2, 50, 50 ],
			"brakeTorque": 20,
			"brakeBias": 70
		},
		"dampers":
		{
			"bumpSlow": [ 6, 6, 4, 4 ],
			"bumpFast": [ 4, 4, 4, 4 ],
			"reboundSlow": [ 6, 6, 3, 3 ],
			"reboundFast": [ 6, 6, 6, 6 ]
		},
		"aeroBalance":
		{
			"rideHeight": [ 10, 6, 15, 18 ],
			"rodLength": [ 17.715936660766602, 17.715936660766602, 77.507568359375, 77.507568359375 ],
			"splitter": 0,
			"rearWing": 2,
			"brakeDuct": [ 3, 1 ]
		},
		"drivetrain":
		{
			"preload": 13
		}
	},
	"trackBopType": 25
}