{
	"carName": "mercedes_amg_gt3_evo",
	"basicSetup":
	{
		"tyres":
		{
			"tyreCompound": 0,
			"tyrePressure": [ 53, 46, 61, 58 ]
		},
		"alignment":
		{
			"camber": [ 36, 36, 10, 10 ],
			"toe": [ 20, 20, 55, 55 ],
			"staticCamber": [ -2.3016314506530762, -2.3072285652160645, -3.6661438941955566, -3.6681327819824219 ],
			"toeOutLinear": [ 0.00033906497992575169, 0.00033825248829089105, 0.00027897433028556406, 0.00027856169617734849 ],
			"casterLF": 31,
			"casterRF": 31,
			"steerRatio": 3
		},
		"electronics":
		{
			"tC1": 5,
			"tC2": 0,
			"abs": 4,
			"eCUMap": 0,
			"fuelMix": 0,
			"telemetryLaps": 0
		},
		"strategy":
		{
			"fuel": 13,
			"nPitStops": 0,
			"tyreSet": 0,
			"frontBrakePadCompound": 0,
			"rearBrakePadCompound": 0,
			"pitStrategy": [
				{
					"fuelToAdd": 0,
					"tyres":
					{
						"tyreCompound": 0,
						"tyrePressure": [ 53, 46, 61, 58 ]
					},
					"tyreSet": 2,
					"frontBrakePadCompound": 0,
					"rearBrakePadCompound": 0
				}
			],
			"fuelPerLap": 4.1999998092651367
		}
	},
	"advancedSetup":
	{
		"mechanicalBalance":
		{
			"aRBFront": 1,
			"aRBRear": 5,
			"wheelRate": [ 1, 1, 4, 4 ],
			"bumpStopRateUp": [ 2, 2, 3, 3 ],
			"bumpStopRateDn": [ 0, 0, 10, 10 ],
			"bumpStopWindow": [ 10, 10, 35, 35 ],
			"brakeTorque": 19,
			"brakeBias": 35
		},
		"dampers":
		{
			"bumpSlow": [ 6, 6, 6, 6 ],
			"bumpFast": [ 4, 4, 5, 5 ],
			"reboundSlow": [ 4, 4, 4, 4 ],
			"reboundFast": [ 6, 6, 5, 5 ]
		},
		"aeroBalance":
		{
			"rideHeight": [ 9, 6, 8, 18 ],
			"rodLength": [ 14.841483116149902, 14.841483116149902, 66.702354431152344, 66.702354431152344 ],
			"splitter": 7,
			"rearWing": 7,
			"brakeDuct": [ 4, 2 ]
		},
		"drivetrain":
		{
			"preload": 5
		}
	},
	"trackBopType": 12
}