{
	"carName": "mercedes_amg_gt3_evo",
	"basicSetup":
	{
		"tyres":
		{
			"tyreCompound": 0,
			"tyrePressure": [ 50, 50, 48, 48 ]
		},
		"alignment":
		{
			"camber": [ 18, 18, 15, 15 ],
			"toe": [ 30, 30, 45, 45 ],
			"staticCamber": [ -4.0189223289489746, -4.000429630279541, -3.1949632167816162, -3.1807408332824707 ],
			"toeOutLinear": [ -0.00010750283399829641, -0.00011482044646982104, 0.00011038110824301839, 0.00010968194692395627 ],
			"casterLF": 33,
			"casterRF": 33,
			"steerRatio": 3
		},
		"electronics":
		{
			"tC1": 6,
			"tC2": 0,
			"abs": 6,
			"eCUMap": 1,
			"fuelMix": 0,
			"telemetryLaps": 0
		},
		"strategy":
		{
			"fuel": 60,
			"nPitStops": 0,
			"tyreSet": 0,
			"frontBrakePadCompound": 1,
			"rearBrakePadCompound": 1,
			"pitStrategy": [
				{
					"fuelToAdd": 0,
					"tyres":
					{
						"tyreCompound": 0,
						"tyrePressure": [ 0, 0, 0, 0 ]
					},
					"tyreSet": 2,
					"frontBrakePadCompound": 0,
					"rearBrakePadCompound": 0
				}
			],
			"fuelPerLap": 3.1600000858306885
		}
	},
	"advancedSetup":
	{
		"mechanicalBalance":
		{
			"aRBFront": 2,
			"aRBRear": 4,
			"wheelRate": [ 3, 3, 5, 5 ],
			"bumpStopRateUp": [ 4, 4, 3, 3 ],
			"bumpStopRateDn": [ 0, 0, 10, 10 ],
			"bumpStopWindow": [ 5, 5, 50, 50 ],
			"brakeTorque": 20,
			"brakeBias": 53
		},
		"dampers":
		{
			"bumpSlow": [ 4, 4, 5, 5 ],
			"bumpFast": [ 4, 4, 8, 8 ],
			"reboundSlow": [ 7, 7, 4, 4 ],
			"reboundFast": [ 6, 6, 6, 6 ]
		},
		"aeroBalance":
		{
			"rideHeight": [ 6, 6, 8, 18 ],
			"rodLength": [ 14.690213203430176, 14.690213203430176, 70.09173583984375, 70.09173583984375 ],
			"splitter": 4,
			"rearWing": 6,
			"brakeDuct": [ 4, 4 ]
		},
		"drivetrain":
		{
			"preload": 1
		}
	},
	"trackBopType": 27
}